Lila,Jehu,Lila.Jehu@gmail.com,15555595885
Mariele,Hessler,Mariele.Hessler@gmail.com,11525269005
Sabina,Margret,Sabina.Margret@gmail.com,16512397475
Misha,Alcott,Misha.Alcott@gmail.com,11525269005
Maud,Ciapas,Maud.Ciapas@gmail.com,15555595885
Tatiania,Ehrman,Tatiania.Ehrman@gmail.com,15555595885
Ezmeralda,Ezar,Ezmeralda.Ezar@gmail.com,15555595885
Paule,Sheedy,Paule.Sheedy@gmail.com,14034187598
Glynnis,Baylor,Glynnis.Baylor@gmail.com,18187614328
Pierette,Corilla,Pierette.Corilla@gmail.com,17153404433
Leona,Armanda,Leona.Armanda@gmail.com,16512397475
Kara-Lynn,Palocz,Kara-Lynn.Palocz@gmail.com,11525269005
Blake,Seumas,Blake.Seumas@gmail.com,14034187598
Cathyleen,McLaughlin,Cathyleen.McLaughlin@gmail.com,14034187598
Caryl,Izaak,Caryl.Izaak@gmail.com,15555595885
Dale,Rosemary,Dale.Rosemary@gmail.com,12801045145
Imojean,Glenden,Imojean.Glenden@gmail.com,17243827682
Mureil,Si,Mureil.Si@gmail.com,16512397475
Bee,Rocray,Bee.Rocray@gmail.com,15555595885
Fanchon,Astra,Fanchon.Astra@gmail.com,12801045145
Hyacinthe,Marcellus,Hyacinthe.Marcellus@gmail.com,18187614328
Rivalee,Andrel,Rivalee.Andrel@gmail.com,14034187598
Hettie,Stuart,Hettie.Stuart@gmail.com,16512397475
Shaylyn,Frodi,Shaylyn.Frodi@gmail.com,12924347871
Leona,Georas,Leona.Georas@gmail.com,14021927951
Damaris,Roscoe,Damaris.Roscoe@gmail.com,14021927951
Ekaterina,Kathie,Ekaterina.Kathie@gmail.com,14034187598
Adriana,Sprage,Adriana.Sprage@gmail.com,17153404433
Evaleen,Bivins,Evaleen.Bivins@gmail.com,12801045145
Mara,Dituri,Mara.Dituri@gmail.com,11525269005
Elka,Firmin,Elka.Firmin@gmail.com,12924347871
Concettina,Jillane,Concettina.Jillane@gmail.com,12801045145
Grier,Hathaway,Grier.Hathaway@gmail.com,14021927951
Phedra,Cynar,Phedra.Cynar@gmail.com,18187614328
Alexine,Yam,Alexine.Yam@gmail.com,16512397475
Dorothy,Smitt,Dorothy.Smitt@gmail.com,12801045145
Sharlene,Emmy,Sharlene.Emmy@gmail.com,17243827682
Marika,Bivins,Marika.Bivins@gmail.com,17243827682
Averyl,Halla,Averyl.Halla@gmail.com,14021927951
Kylynn,Charity,Kylynn.Charity@gmail.com,16512397475
Edith,Rocray,Edith.Rocray@gmail.com,14021927951
Krystle,Friede,Krystle.Friede@gmail.com,15555595885
Dorthy,Tound,Dorthy.Tound@gmail.com,17243827682
Xylina,Thilda,Xylina.Thilda@gmail.com,12924347871
Vivia,Levey,Vivia.Levey@gmail.com,11525269005
Melisent,Ivens,Melisent.Ivens@gmail.com,16512397475
Sara-Ann,Fleeta,Sara-Ann.Fleeta@gmail.com,15555595885
Oona,Lauraine,Oona.Lauraine@gmail.com,12801045145
Blondelle,Baudin,Blondelle.Baudin@gmail.com,12801045145
Lucy,Jaylene,Lucy.Jaylene@gmail.com,17153404433
Caritta,Schroth,Caritta.Schroth@gmail.com,14021927951
Valeda,Kalinda,Valeda.Kalinda@gmail.com,12801045145
Brynna,Jerald,Brynna.Jerald@gmail.com,16512397475
Ivett,Sundin,Ivett.Sundin@gmail.com,16512397475
Clo,Halla,Clo.Halla@gmail.com,14021927951
Valli,Clarissa,Valli.Clarissa@gmail.com,16512397475
Janey,Rubie,Janey.Rubie@gmail.com,11525269005
Brena,Irmine,Brena.Irmine@gmail.com,16512397475
Tatiania,Ashok,Tatiania.Ashok@gmail.com,12924347871
Tarra,Friede,Tarra.Friede@gmail.com,12924347871
Yetty,Bahr,Yetty.Bahr@gmail.com,14034187598
Tomasina,Adlare,Tomasina.Adlare@gmail.com,16512397475
Jobi,Bivins,Jobi.Bivins@gmail.com,12801045145
Carilyn,Anyah,Carilyn.Anyah@gmail.com,17153404433
Ilse,Yorick,Ilse.Yorick@gmail.com,14021927951
Gwyneth,Kevon,Gwyneth.Kevon@gmail.com,12924347871
Ellette,Ogren,Ellette.Ogren@gmail.com,14034187598
Rosabelle,Smitt,Rosabelle.Smitt@gmail.com,14021927951
Bertine,Gualtiero,Bertine.Gualtiero@gmail.com,16512397475
Shannah,Terencio,Shannah.Terencio@gmail.com,18187614328
Asia,Hebner,Asia.Hebner@gmail.com,14034187598
Peri,Marijo,Peri.Marijo@gmail.com,12801045145
Marita,Daegal,Marita.Daegal@gmail.com,12924347871
Madalyn,Chapland,Madalyn.Chapland@gmail.com,14034187598
Sindee,Lissi,Sindee.Lissi@gmail.com,15555595885
Nessie,Sheedy,Nessie.Sheedy@gmail.com,12801045145
Maye,Urania,Maye.Urania@gmail.com,14034187598
Mariele,Ivens,Mariele.Ivens@gmail.com,18187614328
Kial,Bertold,Kial.Bertold@gmail.com,12801045145
Sabina,Wooster,Sabina.Wooster@gmail.com,18187614328
Ellette,Even,Ellette.Even@gmail.com,12924347871
Libbie,Othilia,Libbie.Othilia@gmail.com,14021927951
Sean,Friede,Sean.Friede@gmail.com,14034187598
Fayre,Drus,Fayre.Drus@gmail.com,12801045145
Amalie,Horan,Amalie.Horan@gmail.com,12924347871
Ursulina,Jerald,Ursulina.Jerald@gmail.com,17153404433
Teddie,Fillbert,Teddie.Fillbert@gmail.com,14034187598
Christian,Primalia,Christian.Primalia@gmail.com,14034187598
Candy,Mintz,Candy.Mintz@gmail.com,17153404433
Kelly,Shelba,Kelly.Shelba@gmail.com,16512397475
Ketti,Pascia,Ketti.Pascia@gmail.com,14021927951
Nananne,Pozzy,Nananne.Pozzy@gmail.com,17243827682
Starla,Lymann,Starla.Lymann@gmail.com,16512397475
Sharai,Koehler,Sharai.Koehler@gmail.com,15555595885
Raquela,Ambrosia,Raquela.Ambrosia@gmail.com,15555595885
Lily,Sprage,Lily.Sprage@gmail.com,14034187598
Babita,Esmaria,Babita.Esmaria@gmail.com,17243827682
Dacia,Knowling,Dacia.Knowling@gmail.com,18187614328
Riannon,Chauncey,Riannon.Chauncey@gmail.com,14034187598
Corina,Kaja,Corina.Kaja@gmail.com,17153404433
Vivia,Michella,Vivia.Michella@gmail.com,15555595885
Wynne,Vittoria,Wynne.Vittoria@gmail.com,15555595885
Liana,Capello,Liana.Capello@gmail.com,11525269005
Marguerite,Moina,Marguerite.Moina@gmail.com,18187614328
Lexine,Stuart,Lexine.Stuart@gmail.com,12924347871
Bobinette,Mott,Bobinette.Mott@gmail.com,11525269005
Iseabal,Alfons,Iseabal.Alfons@gmail.com,14021927951
Sonni,Rossner,Sonni.Rossner@gmail.com,14021927951
Riannon,Wiener,Riannon.Wiener@gmail.com,17153404433
Micheline,Gale,Micheline.Gale@gmail.com,16512397475
Charlena,Noam,Charlena.Noam@gmail.com,17153404433
Deane,Si,Deane.Si@gmail.com,14034187598
Violet,Calhoun,Violet.Calhoun@gmail.com,15555595885
Nannie,Holbrook,Nannie.Holbrook@gmail.com,14021927951
Adore,Cimbura,Adore.Cimbura@gmail.com,17153404433
Giustina,Lunsford,Giustina.Lunsford@gmail.com,16512397475
Susette,Sherrie,Susette.Sherrie@gmail.com,12801045145
Merrie,Margret,Merrie.Margret@gmail.com,17153404433
Aubrie,Pulsifer,Aubrie.Pulsifer@gmail.com,17243827682
Bobinette,Devlen,Bobinette.Devlen@gmail.com,17153404433
Dolli,Carri,Dolli.Carri@gmail.com,17153404433
Tabbatha,Liebermann,Tabbatha.Liebermann@gmail.com,16512397475
Kirstin,Raul,Kirstin.Raul@gmail.com,14034187598
Valli,Fancie,Valli.Fancie@gmail.com,18187614328
Gerrie,Agle,Gerrie.Agle@gmail.com,18187614328
Elvira,Dulciana,Elvira.Dulciana@gmail.com,15555595885
Alie,Darbie,Alie.Darbie@gmail.com,11525269005
Daphne,Myrilla,Daphne.Myrilla@gmail.com,16512397475
Miquela,Stelle,Miquela.Stelle@gmail.com,16512397475
Ronna,Flyn,Ronna.Flyn@gmail.com,17153404433
Clo,Willie,Clo.Willie@gmail.com,18187614328
Jobi,Tufts,Jobi.Tufts@gmail.com,18187614328
Rochette,Eben,Rochette.Eben@gmail.com,12924347871
Ethel,Agle,Ethel.Agle@gmail.com,14034187598
Aimil,Haymes,Aimil.Haymes@gmail.com,11525269005
Priscilla,Carlson,Priscilla.Carlson@gmail.com,12801045145
Janeczka,Stacy,Janeczka.Stacy@gmail.com,12924347871
Carilyn,Norrie,Carilyn.Norrie@gmail.com,17153404433
Marline,Schroth,Marline.Schroth@gmail.com,15555595885
Kamilah,Socha,Kamilah.Socha@gmail.com,16512397475
Joane,Keelia,Joane.Keelia@gmail.com,12924347871
Kimberley,Sperling,Kimberley.Sperling@gmail.com,17243827682
Larine,Chobot,Larine.Chobot@gmail.com,11525269005
Jackie,Fairweather,Jackie.Fairweather@gmail.com,16512397475
Gilligan,Clarissa,Gilligan.Clarissa@gmail.com,11525269005
Mireielle,Hurley,Mireielle.Hurley@gmail.com,15555595885
Belinda,McNully,Belinda.McNully@gmail.com,12801045145
Lauryn,Damarra,Lauryn.Damarra@gmail.com,14034187598
Jolyn,Markman,Jolyn.Markman@gmail.com,16512397475
Candi,Gaynor,Candi.Gaynor@gmail.com,17153404433
Tiffie,McGrody,Tiffie.McGrody@gmail.com,18187614328
Asia,Alfons,Asia.Alfons@gmail.com,17153404433
Kimmy,McGrody,Kimmy.McGrody@gmail.com,14034187598
Daune,Israeli,Daune.Israeli@gmail.com,14034187598
Alisha,Zachary,Alisha.Zachary@gmail.com,14021927951
Leona,Wesle,Leona.Wesle@gmail.com,17153404433
Pierette,Amethist,Pierette.Amethist@gmail.com,17153404433
Nelle,Pandolfi,Nelle.Pandolfi@gmail.com,12801045145
Desirae,Tufts,Desirae.Tufts@gmail.com,14034187598
Rivalee,Belanger,Rivalee.Belanger@gmail.com,16512397475
Bobbi,Fosque,Bobbi.Fosque@gmail.com,12801045145
Claresta,Richers,Claresta.Richers@gmail.com,15555595885
Marti,Tarrant,Marti.Tarrant@gmail.com,12801045145
Henriette,Honoria,Henriette.Honoria@gmail.com,17243827682
Bobbi,Sherrie,Bobbi.Sherrie@gmail.com,14034187598
Lucille,Baylor,Lucille.Baylor@gmail.com,17243827682
Quintina,Allare,Quintina.Allare@gmail.com,14021927951
Pierette,Bigner,Pierette.Bigner@gmail.com,12801045145
Violet,Cleo,Violet.Cleo@gmail.com,17153404433
Veda,Anton,Veda.Anton@gmail.com,14021927951
Margalo,Hermes,Margalo.Hermes@gmail.com,17243827682
Lynde,Elephus,Lynde.Elephus@gmail.com,17153404433
Allis,Kylander,Allis.Kylander@gmail.com,14034187598
Morganica,Rona,Morganica.Rona@gmail.com,14034187598
Darci,Earlie,Darci.Earlie@gmail.com,16512397475
Brandise,Salchunas,Brandise.Salchunas@gmail.com,12924347871
Veda,Poppy,Veda.Poppy@gmail.com,15555595885
Corry,Cath,Corry.Cath@gmail.com,18187614328
Johna,Ailyn,Johna.Ailyn@gmail.com,17153404433
Bill,Ephrem,Bill.Ephrem@gmail.com,16512397475
Glenda,Weaks,Glenda.Weaks@gmail.com,11525269005
Ingrid,Edmund,Ingrid.Edmund@gmail.com,17243827682
Sharai,Ralfston,Sharai.Ralfston@gmail.com,18187614328
Carly,Hull,Carly.Hull@gmail.com,12801045145
Dede,Redmond,Dede.Redmond@gmail.com,15555595885
Zaria,Croix,Zaria.Croix@gmail.com,14021927951
Celisse,Adore,Celisse.Adore@gmail.com,16512397475
Alyssa,Sigfrid,Alyssa.Sigfrid@gmail.com,12801045145
Melodie,Cynar,Melodie.Cynar@gmail.com,12801045145
Ariela,Clara,Ariela.Clara@gmail.com,16512397475
Albertina,Martguerita,Albertina.Martguerita@gmail.com,17243827682
Zia,Argus,Zia.Argus@gmail.com,16512397475
Sissy,Fiester,Sissy.Fiester@gmail.com,12924347871
Vonny,Gavrila,Vonny.Gavrila@gmail.com,17153404433
Aili,Gordon,Aili.Gordon@gmail.com,18187614328
Morganica,Katrine,Morganica.Katrine@gmail.com,14021927951
Basia,Raychel,Basia.Raychel@gmail.com,14021927951
Tamqrah,Narton,Tamqrah.Narton@gmail.com,12924347871
Camile,Fredi,Camile.Fredi@gmail.com,17153404433
Chloris,Engdahl,Chloris.Engdahl@gmail.com,17243827682
Florie,Margret,Florie.Margret@gmail.com,17243827682
Eadie,Alarise,Eadie.Alarise@gmail.com,15555595885
Etta,Read,Etta.Read@gmail.com,16512397475
Aeriela,Denis,Aeriela.Denis@gmail.com,18187614328
Ana,Lumbard,Ana.Lumbard@gmail.com,16512397475
Caryl,Connelly,Caryl.Connelly@gmail.com,17153404433
Darci,Dearborn,Darci.Dearborn@gmail.com,16512397475
Aryn,Noelyn,Aryn.Noelyn@gmail.com,14034187598
Kassey,Granoff,Kassey.Granoff@gmail.com,12801045145
Tiffie,Therine,Tiffie.Therine@gmail.com,11525269005
Tressa,Wilona,Tressa.Wilona@gmail.com,17243827682
Justinn,Candy,Justinn.Candy@gmail.com,14034187598
Wynne,Barbey,Wynne.Barbey@gmail.com,15555595885
Dagmar,Warthman,Dagmar.Warthman@gmail.com,11525269005
Orsola,Kevon,Orsola.Kevon@gmail.com,16512397475
Fawne,Helve,Fawne.Helve@gmail.com,17153404433
Hayley,Pozzy,Hayley.Pozzy@gmail.com,14021927951
Carree,Alexandr,Carree.Alexandr@gmail.com,16512397475
Lilith,Colyer,Lilith.Colyer@gmail.com,14021927951
Modestia,Brandice,Modestia.Brandice@gmail.com,17243827682
Dorothy,Rhu,Dorothy.Rhu@gmail.com,12924347871
Lyssa,Norrie,Lyssa.Norrie@gmail.com,14021927951
Nariko,Lymann,Nariko.Lymann@gmail.com,12801045145
Eugine,Maiah,Eugine.Maiah@gmail.com,18187614328
Dania,Kenwood,Dania.Kenwood@gmail.com,14034187598
Merle,Suanne,Merle.Suanne@gmail.com,17243827682
Sean,Concha,Sean.Concha@gmail.com,12801045145
Binny,Maroney,Binny.Maroney@gmail.com,12801045145
Leia,Rese,Leia.Rese@gmail.com,11525269005
Leia,Aida,Leia.Aida@gmail.com,16512397475
Tera,Carey,Tera.Carey@gmail.com,14021927951
Perry,Peg,Perry.Peg@gmail.com,18187614328
Vanessa,Eno,Vanessa.Eno@gmail.com,17153404433
Ginnie,Jess,Ginnie.Jess@gmail.com,14034187598
Christal,Ruvolo,Christal.Ruvolo@gmail.com,12801045145
Alia,Lasley,Alia.Lasley@gmail.com,17153404433
Yolane,Elsinore,Yolane.Elsinore@gmail.com,17243827682
Clary,Bivins,Clary.Bivins@gmail.com,11525269005
Angelique,Ries,Angelique.Ries@gmail.com,14034187598
Dorice,Ahab,Dorice.Ahab@gmail.com,17243827682
Tina,Zetta,Tina.Zetta@gmail.com,18187614328
Angelique,Ranjiv,Angelique.Ranjiv@gmail.com,18187614328
Dyann,Ahab,Dyann.Ahab@gmail.com,11525269005
Libbie,Merna,Libbie.Merna@gmail.com,17153404433
Kristan,Zina,Kristan.Zina@gmail.com,17153404433
Meghann,Clara,Meghann.Clara@gmail.com,12924347871
Libbie,Ioab,Libbie.Ioab@gmail.com,14021927951
Nanete,Baptlsta,Nanete.Baptlsta@gmail.com,17243827682
Pamella,Gilbertson,Pamella.Gilbertson@gmail.com,17243827682
Annabela,Moina,Annabela.Moina@gmail.com,18187614328
Britte,Pacorro,Britte.Pacorro@gmail.com,17153404433
Willetta,Ogren,Willetta.Ogren@gmail.com,18187614328
Luci,O'Rourke,Luci.O'Rourke@gmail.com,15555595885
Kial,Dorine,Kial.Dorine@gmail.com,12801045145
Annecorinne,Colp,Annecorinne.Colp@gmail.com,14034187598
Kate,Kosey,Kate.Kosey@gmail.com,16512397475
Aurelie,Tjon,Aurelie.Tjon@gmail.com,12801045145
Dede,Ader,Dede.Ader@gmail.com,14034187598
Emilia,Telfer,Emilia.Telfer@gmail.com,17243827682
Valera,Kendrick,Valera.Kendrick@gmail.com,11525269005
Stevana,Remmer,Stevana.Remmer@gmail.com,15555595885
Rubie,Gert,Rubie.Gert@gmail.com,18187614328
Micheline,Quinn,Micheline.Quinn@gmail.com,12801045145
Maryellen,Jillane,Maryellen.Jillane@gmail.com,11525269005
Alameda,Kress,Alameda.Kress@gmail.com,18187614328
Hallie,Klotz,Hallie.Klotz@gmail.com,14021927951
Coral,Infield,Coral.Infield@gmail.com,12801045145
Stephanie,Quinn,Stephanie.Quinn@gmail.com,14034187598
Renae,Ruvolo,Renae.Ruvolo@gmail.com,12924347871
Arlena,Wilona,Arlena.Wilona@gmail.com,16512397475
Pearline,Marlie,Pearline.Marlie@gmail.com,15555595885
Sonni,Parsaye,Sonni.Parsaye@gmail.com,14021927951
Calla,Screens,Calla.Screens@gmail.com,17243827682
Betta,O'Neill,Betta.O'Neill@gmail.com,15555595885
Maud,Urias,Maud.Urias@gmail.com,12924347871
Rhea,Bluh,Rhea.Bluh@gmail.com,14021927951
Lita,Kat,Lita.Kat@gmail.com,12924347871
Joy,Hessler,Joy.Hessler@gmail.com,16512397475
Elora,Vilma,Elora.Vilma@gmail.com,15555595885
Mellicent,Obed,Mellicent.Obed@gmail.com,17153404433
Georgina,Richers,Georgina.Richers@gmail.com,17153404433
Anica,Malvino,Anica.Malvino@gmail.com,12801045145
Dione,Erminia,Dione.Erminia@gmail.com,15555595885
Tina,Zeeba,Tina.Zeeba@gmail.com,14034187598
Brynna,Afton,Brynna.Afton@gmail.com,14034187598
Dulce,Kristi,Dulce.Kristi@gmail.com,12801045145
Rhea,Timon,Rhea.Timon@gmail.com,12924347871
Cathyleen,Imelida,Cathyleen.Imelida@gmail.com,14021927951
Melisent,Darbie,Melisent.Darbie@gmail.com,17153404433
Lolita,Tremayne,Lolita.Tremayne@gmail.com,17243827682
Nananne,Timon,Nananne.Timon@gmail.com,14034187598
Tera,Shelba,Tera.Shelba@gmail.com,11525269005
Jenda,Karna,Jenda.Karna@gmail.com,14034187598
Elka,Magdalen,Elka.Magdalen@gmail.com,11525269005
Verla,Dahlia,Verla.Dahlia@gmail.com,17243827682
Sashenka,Rugen,Sashenka.Rugen@gmail.com,14034187598
Basia,Dunkin,Basia.Dunkin@gmail.com,17153404433
Mathilda,Jorgan,Mathilda.Jorgan@gmail.com,17153404433
Bobinette,Amasa,Bobinette.Amasa@gmail.com,11525269005
Ardys,Trinetta,Ardys.Trinetta@gmail.com,14034187598