Fawne,Melony,Fawne.Melony@gmail.com,12924347871,Oslo,Tincidunt St.
Sara-Ann,Sherfield,Sara-Ann.Sherfield@gmail.com,16512397475,Osaka,Taciti Street
Petronia,Bethany,Petronia.Bethany@gmail.com,16512397475,Kawasaki,Tincidunt St.
Almeta,Mintz,Almeta.Mintz@gmail.com,17153404433,Montevideo,Imperdiet St.
Deane,Maribeth,Deane.Maribeth@gmail.com,17153404433,Lahore,Tincidunt St.
Elyssa,Trinetta,Elyssa.Trinetta@gmail.com,14034187598,Minsk,Tincidunt St.
Carlie,Love,Carlie.Love@gmail.com,14021927951,Douala,Duis Av
Jaime,Richers,Jaime.Richers@gmail.com,11525269005,Jersey City,Taciti Street
Morganica,Gaulin,Morganica.Gaulin@gmail.com,18187614328,Shenzhen,Duis Av
Leontine,Azeria,Leontine.Azeria@gmail.com,16512397475,Hamilton,Donec St.
Lexine,Earlie,Lexine.Earlie@gmail.com,12801045145,Xi'an,Taciti Street
Jackie,Ajay,Jackie.Ajay@gmail.com,12801045145,Saint John,Imperdiet St.
Emma,Kelula,Emma.Kelula@gmail.com,17243827682,Perth,Tincidunt St.
Carmencita,Arquit,Carmencita.Arquit@gmail.com,17243827682,Hamilton,Tincidunt St.
Delilah,Ivens,Delilah.Ivens@gmail.com,14021927951,Ipoh,Taciti Street
Mathilda,Corilla,Mathilda.Corilla@gmail.com,15555595885,Nantes,Duis Av
Gilda,Kare,Gilda.Kare@gmail.com,12801045145,Mbabane,Tortor St.
Natka,Thunell,Natka.Thunell@gmail.com,11525269005,Sofia,Taciti Street
Jere,Carbo,Jere.Carbo@gmail.com,18187614328,Bloemfontein,Convallis Road
Sadie,Hewitt,Sadie.Hewitt@gmail.com,14021927951,Lyon,Taciti Street
Emylee,Weide,Emylee.Weide@gmail.com,14034187598,Bahía Blanca,Convallis Road
Kirbee,Lauraine,Kirbee.Lauraine@gmail.com,18187614328,Ahmedabad,Tincidunt St.
Norine,Newell,Norine.Newell@gmail.com,16512397475,Pristina,Tincidunt St.
Tarra,Gombach,Tarra.Gombach@gmail.com,17243827682,New Delhi,Taciti Street
Roberta,Mata,Roberta.Mata@gmail.com,16512397475,Pyongyang,Taciti Street
Ida,Nunci,Ida.Nunci@gmail.com,12924347871,Kaohsiung,Taciti Street
Morganica,Dash,Morganica.Dash@gmail.com,11525269005,Geelong,Taciti Street
Frank,Angelis,Frank.Angelis@gmail.com,14021927951,Perth,Tincidunt St.
Glenda,Sibyls,Glenda.Sibyls@gmail.com,11525269005,Beijing,Taciti Street
Stacey,Pond,Stacey.Pond@gmail.com,12924347871,Kiev,Tincidunt St.
Hayley,Land,Hayley.Land@gmail.com,17153404433,Okinawa,Tincidunt St.
Amelia,Garlinda,Amelia.Garlinda@gmail.com,16512397475,South Tarawa,Taciti Street
Jenda,McAdams,Jenda.McAdams@gmail.com,15555595885,Manaus,Tortor St.
Meriel,Maxi,Meriel.Maxi@gmail.com,11525269005,Valparaíso,Imperdiet St.
Alameda,Abbot,Alameda.Abbot@gmail.com,14021927951,Amman,Taciti Street
Florie,Sheng,Florie.Sheng@gmail.com,16512397475,Saint John,Duis Av
Ketti,Darbie,Ketti.Darbie@gmail.com,14034187598,Dresden,Taciti Street
Ida,Fillbert,Ida.Fillbert@gmail.com,17153404433,Kraków,Taciti Street
Tonia,Lutero,Tonia.Lutero@gmail.com,12924347871,Yekaterinburg,Taciti Street
Marylou,Egbert,Marylou.Egbert@gmail.com,12924347871,Sucre,Donec St.
Amalie,Curren,Amalie.Curren@gmail.com,18187614328,Edmonton,Taciti Street
Elmira,Sancho,Elmira.Sancho@gmail.com,12801045145,Zapopan,Taciti Street
Caressa,Simmonds,Caressa.Simmonds@gmail.com,12801045145,Cork (city),Taciti Street
Nananne,Chapland,Nananne.Chapland@gmail.com,11525269005,Zagreb,Imperdiet St.
Marcy,Shuler,Marcy.Shuler@gmail.com,14034187598,Belfast,Convallis Road
Estell,Lynn,Estell.Lynn@gmail.com,14034187598,Alexandria,Donec St.
Carilyn,Dex,Carilyn.Dex@gmail.com,12801045145,Graz,Donec St.
Selma,Franza,Selma.Franza@gmail.com,17243827682,Nukulaelae,Duis Av
Rosanne,Dorcy,Rosanne.Dorcy@gmail.com,16512397475,Memphis,Taciti Street
Clary,Cloris,Clary.Cloris@gmail.com,15555595885,Amman,Tincidunt St.
Dale,Munn,Dale.Munn@gmail.com,15555595885,Mecca,Imperdiet St.
Marylou,Millda,Marylou.Millda@gmail.com,12924347871,Faisalabad,Donec St.
Quintina,Zeeba,Quintina.Zeeba@gmail.com,15555595885,Tartu,Donec St.
Fina,Bashemeth,Fina.Bashemeth@gmail.com,14034187598,Tbilisi,Imperdiet St.
Brena,Wittie,Brena.Wittie@gmail.com,17153404433,Toulouse,Tincidunt St.
Shirlee,Kendrick,Shirlee.Kendrick@gmail.com,17243827682,Birkirkara,Imperdiet St.
Tonia,Philipp,Tonia.Philipp@gmail.com,17243827682,Ipoh,Convallis Road
Jessy,Rosette,Jessy.Rosette@gmail.com,18187614328,Medellín,Donec St.
Tersina,Ingra,Tersina.Ingra@gmail.com,17243827682,Abu Dhabi,Taciti Street
Rayna,Lewes,Rayna.Lewes@gmail.com,12924347871,Casablanca,Tincidunt St.
Priscilla,Ursulette,Priscilla.Ursulette@gmail.com,17153404433,Simferopol,Tincidunt St.
Gusty,Zola,Gusty.Zola@gmail.com,16512397475,Melekeok,Tortor St.
Flo,Keelia,Flo.Keelia@gmail.com,15555595885,La Serena,Imperdiet St.
Calla,Aurelio,Calla.Aurelio@gmail.com,17243827682,Santiago,Taciti Street
Lita,Nickola,Lita.Nickola@gmail.com,14034187598,Ipoh,Convallis Road
Tobe,Gaal,Tobe.Gaal@gmail.com,14034187598,Lomé,Convallis Road
Molli,Durware,Molli.Durware@gmail.com,17153404433,Tampere,Taciti Street
Renie,Buffum,Renie.Buffum@gmail.com,12924347871,Barcelona,Tortor St.
Queenie,Keily,Queenie.Keily@gmail.com,15555595885,Copenhagen,Tincidunt St.
Shel,Secrest,Shel.Secrest@gmail.com,12924347871,Kolkata,Tincidunt St.
Peri,Jary,Peri.Jary@gmail.com,14021927951,Tianjin,Donec St.
Joy,Jobi,Joy.Jobi@gmail.com,15555595885,Bahía Blanca,Tincidunt St.
Di,Edmund,Di.Edmund@gmail.com,12801045145,Lusaka,Tincidunt St.
Leona,Odell,Leona.Odell@gmail.com,14034187598,Bissau,Tincidunt St.
Nanete,Cookie,Nanete.Cookie@gmail.com,15555595885,Winnipeg,Duis Av
Adelle,Tomasina,Adelle.Tomasina@gmail.com,15555595885,Geneva,Taciti Street
Vonny,Darbie,Vonny.Darbie@gmail.com,17243827682,Antwerp,Imperdiet St.
Mariele,Angelis,Mariele.Angelis@gmail.com,16512397475,Guadalajara,Imperdiet St.
Annaliese,Eliathas,Annaliese.Eliathas@gmail.com,12801045145,City of Halifax,Imperdiet St.
Margette,Bahr,Margette.Bahr@gmail.com,14021927951,Adamstown,Tincidunt St.
Paulita,Millda,Paulita.Millda@gmail.com,12924347871,Porto,Tincidunt St.
Celestyna,Prober,Celestyna.Prober@gmail.com,15555595885,Novosibirsk,Imperdiet St.
Ottilie,Granoff,Ottilie.Granoff@gmail.com,17153404433,Sana'a,Taciti Street
Shell,Gamaliel,Shell.Gamaliel@gmail.com,15555595885,Accra,Imperdiet St.
Belinda,Pettiford,Belinda.Pettiford@gmail.com,15555595885,Tamale,Tincidunt St.
Kassey,Henrie,Kassey.Henrie@gmail.com,14034187598,Cork (city),Taciti Street
Tiffie,Gusella,Tiffie.Gusella@gmail.com,17153404433,Cayenne,Tincidunt St.
Eadie,Dielu,Eadie.Dielu@gmail.com,17243827682,Ankara,Duis Av
Jsandye,Llovera,Jsandye.Llovera@gmail.com,15555595885,Chaguanas,Tincidunt St.
Noelle,Ferrell,Noelle.Ferrell@gmail.com,12924347871,Surat,Tortor St.
Jemie,Joeann,Jemie.Joeann@gmail.com,16512397475,Mbabane,Taciti Street
Hermione,Redmond,Hermione.Redmond@gmail.com,12801045145,Philadelphia,Duis Av
Marcelline,Sikorski,Marcelline.Sikorski@gmail.com,12924347871,Bloemfontein,Duis Av
Cathie,Elo,Cathie.Elo@gmail.com,18187614328,Punta Arenas,Convallis Road
Kenna,Philipp,Kenna.Philipp@gmail.com,12801045145,Batticaloa,Taciti Street
Raina,Tarrant,Raina.Tarrant@gmail.com,17243827682,Tirana,Taciti Street
Olivette,Kenney,Olivette.Kenney@gmail.com,11525269005,Vitória,Duis Av
Allis,Lissi,Allis.Lissi@gmail.com,11525269005,Lanzhou,Taciti Street
Zondra,Bari,Zondra.Bari@gmail.com,11525269005,Casablanca,Taciti Street
Alia,Prober,Alia.Prober@gmail.com,15555595885,Bursa,Convallis Road
Johna,Zola,Johna.Zola@gmail.com,18187614328,Zagreb,Taciti Street
Amelia,Podvin,Amelia.Podvin@gmail.com,14034187598,Manaus,Tincidunt St.
Adore,Leffen,Adore.Leffen@gmail.com,14021927951,Sana'a,Duis Av
Lorie,Diann,Lorie.Diann@gmail.com,12924347871,Port Hedland,Duis Av
Agathe,Jagir,Agathe.Jagir@gmail.com,15555595885,Tianjin,Convallis Road
Linzy,Ramona,Linzy.Ramona@gmail.com,17153404433,Columbus,Imperdiet St.
Tarra,Pelagias,Tarra.Pelagias@gmail.com,14021927951,Sapporo,Tincidunt St.
Katleen,Orpah,Katleen.Orpah@gmail.com,15555595885,Montreal,Taciti Street
Nataline,Revkah,Nataline.Revkah@gmail.com,17243827682,Wellington,Taciti Street
Kaja,Ulphia,Kaja.Ulphia@gmail.com,11525269005,Veracruz,Taciti Street
Melanie,Karylin,Melanie.Karylin@gmail.com,17243827682,Basra,Taciti Street
Sindee,Yusuk,Sindee.Yusuk@gmail.com,15555595885,Minneapolis,Duis Av
Belinda,Croix,Belinda.Croix@gmail.com,15555595885,Paris,Taciti Street
Evita,Felizio,Evita.Felizio@gmail.com,12801045145,Cotonou,Duis Av
Mady,Shields,Mady.Shields@gmail.com,16512397475,Omdurman,Tincidunt St.
Codie,Alejoa,Codie.Alejoa@gmail.com,11525269005,Yamoussoukro,Tincidunt St.
Carmencita,Plato,Carmencita.Plato@gmail.com,14021927951,Mendoza,Convallis Road
Rani,Fosque,Rani.Fosque@gmail.com,16512397475,Odessa,Tincidunt St.
Valeda,Minetta,Valeda.Minetta@gmail.com,14034187598,Islamabad,Imperdiet St.
Minda,Jefferey,Minda.Jefferey@gmail.com,12924347871,Havana,Taciti Street
Louella,Koziara,Louella.Koziara@gmail.com,16512397475,Taipei,Taciti Street
Mariele,Decato,Mariele.Decato@gmail.com,17153404433,Guadalajara,Tortor St.
Gloria,Malanie,Gloria.Malanie@gmail.com,17243827682,Kuching,Tincidunt St.
Penelopa,Kaete,Penelopa.Kaete@gmail.com,12801045145,Salt Lake City,Taciti Street
Jere,Ogren,Jere.Ogren@gmail.com,17153404433,Tamale,Taciti Street
Fanny,Magnolia,Fanny.Magnolia@gmail.com,16512397475,Podgorica,Taciti Street
Zia,O'Carroll,Zia.O'Carroll@gmail.com,14021927951,Makati City,Tincidunt St.
Kamilah,Fiann,Kamilah.Fiann@gmail.com,17153404433,Shenzhen,Donec St.
Babita,Travax,Babita.Travax@gmail.com,11525269005,Asmara,Tortor St.
Cristabel,Pillsbury,Cristabel.Pillsbury@gmail.com,15555595885,Port Elizabeth,Tortor St.
Molli,Hull,Molli.Hull@gmail.com,12924347871,Mata-Utu,Imperdiet St.
Sonni,Dash,Sonni.Dash@gmail.com,17243827682,Amritsar,Imperdiet St.
Kerrin,Krystle,Kerrin.Krystle@gmail.com,17153404433,Cork (city),Tincidunt St.
Caryl,Lindemann,Caryl.Lindemann@gmail.com,14021927951,Yaren District,Tortor St.
Glenda,Hedve,Glenda.Hedve@gmail.com,16512397475,Suez,Duis Av
Renie,Juan,Renie.Juan@gmail.com,12801045145,Phuket (city),Tortor St.
Agathe,Lipson,Agathe.Lipson@gmail.com,14021927951,Konya,Imperdiet St.
Kittie,Izaak,Kittie.Izaak@gmail.com,14021927951,Port Said,Tincidunt St.
Dolli,Leffen,Dolli.Leffen@gmail.com,17243827682,Auckland,Donec St.
Carmela,Modie,Carmela.Modie@gmail.com,14034187598,Harbin,Tortor St.
Marylou,Firmin,Marylou.Firmin@gmail.com,18187614328,Timbuktu,Taciti Street
Tilly,Brady,Tilly.Brady@gmail.com,16512397475,Invercargill,Duis Av
Andeee,Hollingsworth,Andeee.Hollingsworth@gmail.com,18187614328,Nakhon Ratchasima,Taciti Street
Selia,Jeanne,Selia.Jeanne@gmail.com,15555595885,Maseru,Imperdiet St.
Myrtice,Narton,Myrtice.Narton@gmail.com,16512397475,Ahmedabad,Convallis Road
Brianna,Fontana,Brianna.Fontana@gmail.com,18187614328,Port of Spain,Tincidunt St.
Jessamyn,Darian,Jessamyn.Darian@gmail.com,14034187598,Libreville,Tortor St.
Robinia,Lucienne,Robinia.Lucienne@gmail.com,18187614328,Jakarta,Tincidunt St.
Kirstin,Cullin,Kirstin.Cullin@gmail.com,18187614328,Paris,Tincidunt St.
Chastity,Infield,Chastity.Infield@gmail.com,15555595885,Puebla,Taciti Street
Cordi,Lytton,Cordi.Lytton@gmail.com,14021927951,Manchester,Donec St.
Eve,Wittie,Eve.Wittie@gmail.com,16512397475,Sucre,Donec St.
Anestassia,Gale,Anestassia.Gale@gmail.com,12801045145,Dodoma,Taciti Street
Lorie,Dielu,Lorie.Dielu@gmail.com,17243827682,Kandahar,Donec St.
Helsa,Lanita,Helsa.Lanita@gmail.com,12801045145,City of Halifax,Taciti Street
Gwyneth,Mallon,Gwyneth.Mallon@gmail.com,14021927951,Riga,Tincidunt St.
Deedee,Germann,Deedee.Germann@gmail.com,17153404433,Djibouti (city),Donec St.
Olwen,Haymes,Olwen.Haymes@gmail.com,17243827682,Adak,Taciti Street
Vonny,Vastah,Vonny.Vastah@gmail.com,12801045145,Tamale,Duis Av
Daphne,Ulphia,Daphne.Ulphia@gmail.com,12801045145,Malmö,Tortor St.
Dode,Buttaro,Dode.Buttaro@gmail.com,16512397475,Kunming,Tortor St.
Aigneis,Mullane,Aigneis.Mullane@gmail.com,16512397475,Maputo,Convallis Road
Randa,Zamora,Randa.Zamora@gmail.com,11525269005,Adana,Imperdiet St.
Joleen,Carvey,Joleen.Carvey@gmail.com,17153404433,Thimphu,Tincidunt St.
Liana,Masao,Liana.Masao@gmail.com,14034187598,Porto Velho,Convallis Road
Stephanie,Garlinda,Stephanie.Garlinda@gmail.com,16512397475,Gaborone,Tincidunt St.
Edith,Norrie,Edith.Norrie@gmail.com,17243827682,Gothenburg,Imperdiet St.
Charmaine,Soneson,Charmaine.Soneson@gmail.com,16512397475,Tel Aviv,Donec St.
Donnie,Grayce,Donnie.Grayce@gmail.com,11525269005,Pago Pago,Donec St.
Tierney,Salchunas,Tierney.Salchunas@gmail.com,17153404433,Road Town,Imperdiet St.
Mariann,Ellord,Mariann.Ellord@gmail.com,15555595885,Thiès,Taciti Street
Babita,Daniele,Babita.Daniele@gmail.com,15555595885,Hilo,Tortor St.
Yolane,Nikaniki,Yolane.Nikaniki@gmail.com,11525269005,Konya,Duis Av
Tomasina,Ammann,Tomasina.Ammann@gmail.com,16512397475,Rawalpindi,Tincidunt St.
Pierette,Giff,Pierette.Giff@gmail.com,15555595885,Pattaya,Tortor St.
Zsa Zsa,Hebner,Zsa Zsa.Hebner@gmail.com,15555595885,Veracruz,Donec St.
Shirlee,Adrienne,Shirlee.Adrienne@gmail.com,12924347871,Kiev,Tortor St.
Riannon,Jeanne,Riannon.Jeanne@gmail.com,18187614328,Malé,Duis Av
Frank,Tamsky,Frank.Tamsky@gmail.com,12924347871,Douglas,Tincidunt St.
Tami,Saree,Tami.Saree@gmail.com,14021927951,Kawasaki,Taciti Street
Britni,Bevin,Britni.Bevin@gmail.com,12924347871,Charlotte,Tincidunt St.
Carmencita,Wooster,Carmencita.Wooster@gmail.com,16512397475,Longyearbyen,Taciti Street
Kittie,Sheng,Kittie.Sheng@gmail.com,16512397475,Indianapolis,Donec St.
Carolina,Maples,Carolina.Maples@gmail.com,12924347871,Ürümqi,Taciti Street
Ruthe,Verger,Ruthe.Verger@gmail.com,14034187598,Dammam,Donec St.
Phylis,Elephus,Phylis.Elephus@gmail.com,17153404433,Ilhéus,Imperdiet St.
Cindelyn,Shaver,Cindelyn.Shaver@gmail.com,14034187598,Kanpur,Taciti Street
Kalina,Verger,Kalina.Verger@gmail.com,16512397475,Lubumbashi,Tincidunt St.
Aimil,Gladstone,Aimil.Gladstone@gmail.com,11525269005,Iloilo City,Tincidunt St.
Kaia,Granoff,Kaia.Granoff@gmail.com,16512397475,Tabriz,Tortor St.
Gaylene,Yam,Gaylene.Yam@gmail.com,11525269005,Nuuk,Taciti Street
Aurelie,Genna,Aurelie.Genna@gmail.com,18187614328,Thimphu,Tincidunt St.
Elyssa,Jena,Elyssa.Jena@gmail.com,12801045145,El Aaiún,Tincidunt St.
Gusty,Mitzi,Gusty.Mitzi@gmail.com,14021927951,Miri,Taciti Street
Jessamyn,Graig,Jessamyn.Graig@gmail.com,12924347871,San Antonio,Convallis Road
Agathe,Quinn,Agathe.Quinn@gmail.com,12801045145,Istanbul,Tincidunt St.
Winifred,Allys,Winifred.Allys@gmail.com,14034187598,Adak,Taciti Street
Georgetta,Genna,Georgetta.Genna@gmail.com,18187614328,Cotonou,Donec St.
Bernardine,Soneson,Bernardine.Soneson@gmail.com,12801045145,Lisbon,Taciti Street
Patricia,Raychel,Patricia.Raychel@gmail.com,14034187598,Alofi,Taciti Street
Bibby,Sallyann,Bibby.Sallyann@gmail.com,17153404433,Almaty,Taciti Street
Gilligan,Eben,Gilligan.Eben@gmail.com,14034187598,Newcastle,Duis Av
Beverley,Shuler,Beverley.Shuler@gmail.com,18187614328,Anadyr (town),Tincidunt St.
Shandie,Gibbeon,Shandie.Gibbeon@gmail.com,14034187598,Hanover,Duis Av
Claresta,Craggie,Claresta.Craggie@gmail.com,17153404433,Dibrugarh,Donec St.
Ardys,Anderea,Ardys.Anderea@gmail.com,15555595885,Ambon,Duis Av
Eolanda,Sekofski,Eolanda.Sekofski@gmail.com,11525269005,Cotonou,Taciti Street
Ginnie,Vale,Ginnie.Vale@gmail.com,18187614328,Pretoria,Duis Av
Bernardine,Sinegold,Bernardine.Sinegold@gmail.com,12801045145,City of San Marino,Tortor St.
Teddie,Danby,Teddie.Danby@gmail.com,15555595885,Guadalajara,Taciti Street
Betta,Therine,Betta.Therine@gmail.com,11525269005,Brasília,Taciti Street
Aurelie,Lamoree,Aurelie.Lamoree@gmail.com,17153404433,Malé,Imperdiet St.
Nadine,Swigart,Nadine.Swigart@gmail.com,14021927951,La Paz,Taciti Street
Ariela,Swanhildas,Ariela.Swanhildas@gmail.com,14034187598,Alofi,Convallis Road
Margette,Gaulin,Margette.Gaulin@gmail.com,12924347871,Ottawa,Taciti Street
Ann-Marie,Gaynor,Ann-Marie.Gaynor@gmail.com,14021927951,Hilo,Tincidunt St.
Merrie,Ashely,Merrie.Ashely@gmail.com,12924347871,Konya,Tincidunt St.
Alyssa,Swanhildas,Alyssa.Swanhildas@gmail.com,11525269005,Zamboanga City,Imperdiet St.
Lauryn,Ledah,Lauryn.Ledah@gmail.com,12924347871,South Tarawa,Taciti Street
Annora,Whiffen,Annora.Whiffen@gmail.com,12924347871,Taiyuan,Taciti Street
Christal,Euridice,Christal.Euridice@gmail.com,16512397475,Dalian,Convallis Road
Magdalena,Ingra,Magdalena.Ingra@gmail.com,11525269005,Kyoto,Taciti Street
Dennie,Stephie,Dennie.Stephie@gmail.com,15555595885,Kano,Taciti Street
Pamella,Terencio,Pamella.Terencio@gmail.com,17153404433,Espoo,Tortor St.
Dotty,Florina,Dotty.Florina@gmail.com,17153404433,Innsbruck,Taciti Street
Esmeralda,Naashom,Esmeralda.Naashom@gmail.com,14034187598,Ponta Delgada,Imperdiet St.
Charmaine,Girardo,Charmaine.Girardo@gmail.com,17243827682,Tórshavn,Imperdiet St.
Lanae,Weitman,Lanae.Weitman@gmail.com,18187614328,Fairbanks,Convallis Road
Phedra,Vittoria,Phedra.Vittoria@gmail.com,18187614328,Córdoba,Tincidunt St.
Vita,Amethist,Vita.Amethist@gmail.com,17243827682,Douala,Tincidunt St.
Talya,Goldina,Talya.Goldina@gmail.com,12801045145,Amsterdam,Convallis Road
Livvyy,Herrera,Livvyy.Herrera@gmail.com,14021927951,Christchurch,Taciti Street
Lolita,Jenness,Lolita.Jenness@gmail.com,12801045145,Surabaya,Taciti Street
Jere,Chobot,Jere.Chobot@gmail.com,12924347871,Ashgabat,Donec St.
Stephanie,Lindemann,Stephanie.Lindemann@gmail.com,12801045145,Guadalajara,Duis Av
Kalina,Morehouse,Kalina.Morehouse@gmail.com,17153404433,Pyongyang,Imperdiet St.
Flory,Merna,Flory.Merna@gmail.com,18187614328,Mashhad,Imperdiet St.
Hettie,Tremayne,Hettie.Tremayne@gmail.com,14034187598,Chuí,Tincidunt St.
Calla,Sperling,Calla.Sperling@gmail.com,17153404433,Saint Petersburg,Duis Av
Lorenza,Birdella,Lorenza.Birdella@gmail.com,12924347871,London,Taciti Street
Sharai,Pacorro,Sharai.Pacorro@gmail.com,11525269005,Algiers,Imperdiet St.
Allis,Merell,Allis.Merell@gmail.com,12924347871,Dhaka,Taciti Street
Stevana,Rad,Stevana.Rad@gmail.com,14034187598,Rome,Taciti Street
Nanete,Allina,Nanete.Allina@gmail.com,14021927951,Pune,Taciti Street
Jemie,Dituri,Jemie.Dituri@gmail.com,16512397475,Rawalpindi,Taciti Street
Alyssa,Eno,Alyssa.Eno@gmail.com,17153404433,Horta (Azores),Tortor St.
Dulcinea,Pip,Dulcinea.Pip@gmail.com,15555595885,Kunming,Taciti Street
Viki,Ader,Viki.Ader@gmail.com,16512397475,Siem Reap,Tincidunt St.
Shirlee,Anselmi,Shirlee.Anselmi@gmail.com,12801045145,Boa Vista,Convallis Road
Alejandra,Matthew,Alejandra.Matthew@gmail.com,11525269005,Chicago,Taciti Street
Karena,Gordon,Karena.Gordon@gmail.com,12801045145,Medan,Taciti Street
Merle,Ries,Merle.Ries@gmail.com,15555595885,Turin,Tincidunt St.
Dorothy,Posner,Dorothy.Posner@gmail.com,14021927951,Gaziantep,Duis Av
Chastity,Guthrie,Chastity.Guthrie@gmail.com,12924347871,Jakarta,Convallis Road
Sadie,Tound,Sadie.Tound@gmail.com,17243827682,Anadyr (town),Taciti Street
Sarette,Jeanne,Sarette.Jeanne@gmail.com,14034187598,Amman,Convallis Road
Corly,Ephrem,Corly.Ephrem@gmail.com,18187614328,Düsseldorf,Duis Av
Glynnis,Camden,Glynnis.Camden@gmail.com,12924347871,Omdurman,Tincidunt St.
Amii,Kirstin,Amii.Kirstin@gmail.com,12801045145,Taipei,Duis Av
Chastity,Wenda,Chastity.Wenda@gmail.com,17243827682,Changchun,Duis Av
Dyann,Sisile,Dyann.Sisile@gmail.com,17153404433,Charlottetown,Taciti Street
Kassey,Sherrie,Kassey.Sherrie@gmail.com,12924347871,Cali,Imperdiet St.
Imojean,Horan,Imojean.Horan@gmail.com,11525269005,Christchurch,Duis Av
Lucy,Cherianne,Lucy.Cherianne@gmail.com,17243827682,Medina,Tincidunt St.
Carree,Campball,Carree.Campball@gmail.com,18187614328,Harare,Donec St.
Judy,Forrer,Judy.Forrer@gmail.com,12924347871,Bratislava,Taciti Street
Dotty,Bates,Dotty.Bates@gmail.com,17243827682,Beirut,Tortor St.
Jerry,Bertold,Jerry.Bertold@gmail.com,16512397475,Porto Alegre,Donec St.
Deloria,Genna,Deloria.Genna@gmail.com,12801045145,Muscat,Tincidunt St.
Moyna,Fontana,Moyna.Fontana@gmail.com,17153404433,Bratsk,Duis Av
Isa,Rese,Isa.Rese@gmail.com,14034187598,Naypyidaw,Imperdiet St.
Lila,Ilka,Lila.Ilka@gmail.com,17243827682,Yakutsk,Taciti Street
Fanchon,Eno,Fanchon.Eno@gmail.com,12801045145,Rotterdam,Tincidunt St.
Theodora,Sprage,Theodora.Sprage@gmail.com,16512397475,Nicosia,Tortor St.
Frank,Telfer,Frank.Telfer@gmail.com,14021927951,Port Louis,Tortor St.
Arlina,Lumbard,Arlina.Lumbard@gmail.com,14021927951,Fortaleza,Tortor St.
Sadie,Hurley,Sadie.Hurley@gmail.com,11525269005,Cincinnati,Convallis Road
Rhoda,Friede,Rhoda.Friede@gmail.com,14034187598,Lima,Imperdiet St.
Suzette,Hilbert,Suzette.Hilbert@gmail.com,17243827682,Harare,Convallis Road
Letizia,Pond,Letizia.Pond@gmail.com,12801045145,Ludhiana,Convallis Road
Mureil,Colleen,Mureil.Colleen@gmail.com,17243827682,Niamey,Taciti Street
Joeann,Rogerio,Joeann.Rogerio@gmail.com,17243827682,Porto Velho,Taciti Street
Therine,Freddi,Therine.Freddi@gmail.com,17243827682,Sydney,Tortor St.
Marinna,Gaspard,Marinna.Gaspard@gmail.com,17243827682,Abu Dhabi,Tincidunt St.
Jacenta,Autrey,Jacenta.Autrey@gmail.com,18187614328,Tórshavn,Tortor St.
Shannah,Berne,Shannah.Berne@gmail.com,12924347871,Tiraspol,Tincidunt St.
Shaine,Joseph,Shaine.Joseph@gmail.com,16512397475,Ipoh,Imperdiet St.
Henriette,Cottle,Henriette.Cottle@gmail.com,12924347871,Oslo,Taciti Street
Heida,Greyson,Heida.Greyson@gmail.com,18187614328,Mandurah,Donec St.
Mahalia,Delila,Mahalia.Delila@gmail.com,12801045145,Maseru,Tincidunt St.
Nerta,Cressida,Nerta.Cressida@gmail.com,15555595885,Guangzhou,Donec St.
Nananne,Ioab,Nananne.Ioab@gmail.com,16512397475,Moscow,Imperdiet St.
Merrie,Cyrie,Merrie.Cyrie@gmail.com,12924347871,Shanghai,Convallis Road
Mureil,Nea,Mureil.Nea@gmail.com,18187614328,Davao City,Taciti Street
Aryn,Idelia,Aryn.Idelia@gmail.com,14021927951,Nairobi,Taciti Street
Christy,Lowry,Christy.Lowry@gmail.com,17153404433,Sofia,Taciti Street
Molli,Ventre,Molli.Ventre@gmail.com,17153404433,Zagreb,Tortor St.